Fitness,Player_Life,Enemy_Life,Time,Generataion
-5.805134968916488,0,100,332,0
-5.805134968916488,0,100,332,1
