Fitness,Player_Life,Enemy_Life,Time,Generataion
74.99118681455741,0,10.0,407,0
21.63402398497815,0,70.0,214,0
-4.976733742420574,0,100,145,0
-5.814130531825066,0,100,335,0
89.79605369405454,48,0,149,1
86.70669517527551,20,0,199,1
74.99118681455741,0,10.0,407,1
67.08001907417187,0,20.0,137,1
