Fitness,Player_Life,Enemy_Life,Time,Generataion
-4.532599493153256,0,100,93,0
-4.532599493153256,0,100,93,1
