Fitness,Player_Life,Enemy_Life,Time,Generataion
87.98272016318508,30,0,151,0
12.10559716573515,0,80.0,363,0
-5.455321115357702,0,100,234,0
-5.768320995793772,0,100,320,0
91.85873645484158,74,0,255,1
91.85873645484158,74,0,255,1
91.57237888630937,72,0,278,1
91.57237888630937,72,0,278,1
