Fitness,Player_Life,Enemy_Life,Time,Generataion
11.659640696272248,0,80.0,567,0
1.652244721017878,85.60000000000014,100,1000,0
-0.8077552789821034,61.000000000000334,100,1000,0
-2.307755278982107,46.0000000000003,100,1000,0
88.81968822339262,45.4000000000003,0,305,1
66.99224472101788,19.000000000000234,20.0,1000,1
11.659640696272248,0,80.0,567,1
1.652244721017878,85.60000000000014,100,1000,1
