Fitness,Player_Life,Enemy_Life,Time,Generataion
20.913225273087694,0,70.0,440,0
-5.4510384535657,0,100,233,0
-5.752572638825633,0,100,315,0
-5.7899601708972535,0,100,327,0
57.03129244001463,0,30.0,391,1
30.139213776534135,0,60.0,351,1
30.139213776534135,0,60.0,351,1
20.913225273087694,0,70.0,440,1
