Fitness,Player_Life,Enemy_Life,Time,Generataion
-5.41610040220442,0,100,225,0
-5.783825182329737,0,100,325,0
-5.8377304471659395,0,100,343,0
-5.8971538676367405,0,100,364,0
-5.402677381872279,0,100,222,1
-5.407171771460119,0,100,223,1
-5.41610040220442,0,100,225,1
-5.44673737166631,0,100,232,1
