Fitness,Player_Life,Enemy_Life,Time,Generataion
-5.8944028342648505,0,100,363,0
-5.8944028342648505,0,100,363,1
