Fitness,Player_Life,Enemy_Life,Time,Generataion
-5.293304824724492,0,100,199,0
-5.393627546352362,0,100,220,0
-5.393627546352362,0,100,220,0
-5.438079308923196,0,100,230,0
-5.214935757608986,0,100,184,1
-5.214935757608986,0,100,184,1
-5.293304824724492,0,100,199,1
-5.293304824724492,0,100,199,1
