Fitness,Player_Life,Enemy_Life,Time,Generataion
3.0085354528920183,0,90.0,400,0
12.206986391615857,0,80.0,328,1
