Fitness,Player_Life,Enemy_Life,Time,Generataion
-4.882801922586371,0,100,132,0
-5.147494476813453,0,100,172,0
-5.25227342804663,0,100,191,0
-5.272999558563747,0,100,195,0
-4.61512051684126,0,100,101,1
-4.61512051684126,0,100,101,1
-4.672828834461906,0,100,107,1
-4.844187086458591,0,100,127,1
