Fitness,Player_Life,Enemy_Life,Time,Generataion
-5.746203190540153,0,100,313,0
-5.814130531825066,0,100,335,0
-5.814130531825066,0,100,335,0
-6.163314804034641,0,100,475,0
-5.3612921657094255,0,100,213,1
-5.746203190540153,0,100,313,1
-5.752572638825633,0,100,315,1
-5.75890177387728,0,100,317,1
