Fitness,Player_Life,Enemy_Life,Time,Generataion
90.32482618476618,54,0,160,0
90.32482618476618,54,0,160,1
