Fitness,Player_Life,Enemy_Life,Time,Generataion
-5.8522024797744745,0,100,348,0
-5.7745515455444085,0,100,322,1
