Fitness,Player_Life,Enemy_Life,Time,Generataion
89.26246192029868,46,0,208,0
29.817915093283368,0,60.0,484,0
-5.783825182329737,0,100,325,0
-5.805134968916488,0,100,332,0
89.26246192029868,46,0,208,1
57.19486503108351,0,30.0,332,1
39.22855887686998,0,50.0,321,1
39.216174817670264,0,50.0,325,1
