Fitness,Player_Life,Enemy_Life,Time,Generataion
-5.37989735354046,0,100,217,0
-5.783825182329737,0,100,325,0
-5.814130531825066,0,100,335,0
-5.814130531825066,0,100,335,0
-4.90527477843843,0,100,135,1
-4.90527477843843,0,100,135,1
-5.0238805208462765,0,100,152,1
-5.37989735354046,0,100,217,1
