Fitness,Player_Life,Enemy_Life,Time,Generataion
-5.8944028342648505,0,100,363,0
-5.402677381872279,0,100,222,1
