Fitness,Player_Life,Enemy_Life,Time,Generataion
21.16226955283406,0,70.0,343,0
3.840944700785471,0,90.0,174,0
-4.672828834461906,0,100,107,0
-5.68697535633982,0,100,295,0
57.16226955283406,0,30.0,343,1
57.16226955283406,0,30.0,343,1
57.16226955283406,0,30.0,343,1
21.282972298593776,0,70.0,304,1
