Fitness,Player_Life,Enemy_Life,Time,Generataion
3.657665748035189,0,90.0,209,0
3.0060385726934307,0,90.0,401,0
-4.867534450455582,0,100,130,0
-5.3981627015177525,0,100,221,0
87.13935834262664,29.80000000000026,0,344,1
87.13935834262664,29.80000000000026,0,344,1
86.33574420258549,22.600000000000243,0,374,1
86.33574420258549,22.600000000000243,0,374,1
