Fitness,Player_Life,Enemy_Life,Time,Generataion
12.852505523186547,0,80.0,172,0
-4.672828834461906,0,100,107,0
-4.882801922586371,0,100,132,0
-5.7745515455444085,0,100,322,0
66.16226955283406,0,20.0,343,1
21.282972298593776,0,70.0,304,1
12.852505523186547,0,80.0,172,1
-4.672828834461906,0,100,107,1
