Fitness,Player_Life,Enemy_Life,Time,Generataion
-5.805134968916488,0,100,332,0
-5.783825182329737,0,100,325,1
