Fitness,Player_Life,Enemy_Life,Time,Generataion
48.04935744741228,0,40.0,384,0
38.95499468596399,0,50.0,422,0
-1.3477552789821043,55.60000000000032,100,1000,0
-6.315358001522335,0,100,553,0
87.89921377653417,37.60000000000028,0,351,1
87.24324619773175,29.20000000000026,0,292,1
56.964518567475245,0,30.0,418,1
48.04935744741228,0,40.0,384,1
