Fitness,Player_Life,Enemy_Life,Time,Generataion
-5.3612921657094255,0,100,213,0
-5.332718793265369,0,100,207,1
