Fitness,Player_Life,Enemy_Life,Time,Generataion
90.08661051127251,56.20000000000032,0,253,0
86.143547911381,21.40000000000024,0,402,0
-5.293304824724492,0,100,199,0
-5.318119993844216,0,100,204,0
90.08661051127251,56.20000000000032,0,253,1
87.13935834262664,29.80000000000026,0,344,1
87.13935834262664,29.80000000000026,0,344,1
86.143547911381,21.40000000000024,0,402,1
