Fitness,Player_Life,Enemy_Life,Time,Generataion
-5.4116460518550396,0,100,224,0
-5.3471075307174685,0,100,210,1
