Fitness,Player_Life,Enemy_Life,Time,Generataion
3.9565748830807532,0,90.0,155,0
3.8352140260764855,0,90.0,175,0
-5.272999558563747,0,100,195,0
-5.8377304471659395,0,100,343,0
13.147969736080384,0,80.0,128,1
3.9565748830807532,0,90.0,155,1
3.8352140260764855,0,90.0,175,1
-4.61512051684126,0,100,101,1
