Fitness,Player_Life,Enemy_Life,Time,Generataion
-4.624972813284271,0,100,102,0
-4.844187086458591,0,100,127,0
-4.882801922586371,0,100,132,0
-4.890349128221754,0,100,133,0
4.204209454403259,0,90.0,121,1
3.840944700785471,0,90.0,174,1
3.840944700785471,0,90.0,174,1
3.3029065134945954,0,90.0,298,1
