Fitness,Player_Life,Enemy_Life,Time,Generataion
-4.882801922586371,0,100,132,0
-4.672828834461906,0,100,107,1
