Fitness,Player_Life,Enemy_Life,Time,Generataion
-6.306275286948016,0,100,548,0
-5.476463551931511,0,100,239,1
