Fitness,Player_Life,Enemy_Life,Time,Generataion
0.7522447210178855,76.60000000000022,100,1000,0
0.512244721017888,74.20000000000024,100,1000,0
0.33224472101789004,72.40000000000026,100,1000,0
-6.467698726104354,0,100,644,0
2.492244721017869,94.00000000000006,100,1000,1
2.0722447210178725,89.8000000000001,100,1000,1
1.5322447210178787,84.40000000000015,100,1000,1
1.4722447210178782,83.80000000000015,100,1000,1
