Fitness,Player_Life,Enemy_Life,Time,Generataion
-5.7745515455444085,0,100,322,0
-5.147494476813453,0,100,172,1
