Fitness,Player_Life,Enemy_Life,Time,Generataion
-5.762051382780177,0,100,318,0
-5.783825182329737,0,100,325,0
-5.805134968916488,0,100,332,0
-5.849324779946859,0,100,347,0
21.10284613236326,0,70.0,364,1
21.10284613236326,0,70.0,364,1
3.918595635015537,0,90.0,161,1
-5.081404364984463,0,100,161,1
