Fitness,Player_Life,Enemy_Life,Time,Generataion
57.73214184093667,0,30.0,194,0
22.109650871778246,0,70.0,133,1
