Fitness,Player_Life,Enemy_Life,Time,Generataion
3.950143992750463,0,90.0,156,0
-4.672828834461906,0,100,107,0
-5.247024072160486,0,100,190,0
-5.8377304471659395,0,100,343,0
3.950143992750463,0,90.0,156,1
3.950143992750463,0,90.0,156,1
-4.61512051684126,0,100,101,1
-4.624972813284271,0,100,102,1
