Fitness,Player_Life,Enemy_Life,Time,Generataion
3.9565748830807532,0,90.0,155,0
3.9565748830807532,0,90.0,155,1
