Fitness,Player_Life,Enemy_Life,Time,Generataion
-2.70805020110221,0,100,15,0
-2.70805020110221,0,100,15,0
-5.673323267171493,0,100,291,0
-5.780743515792329,0,100,324,0
-2.70805020110221,0,100,15,1
-2.70805020110221,0,100,15,1
-2.70805020110221,0,100,15,1
-2.70805020110221,0,100,15,1
