Fitness,Player_Life,Enemy_Life,Time,Generataion
57.19486503108351,0,30.0,332,0
39.216174817670264,0,50.0,325,1
