Fitness,Player_Life,Enemy_Life,Time,Generataion
-4.672828834461906,0,100,107,0
-4.844187086458591,0,100,127,0
-5.081404364984463,0,100,161,0
-5.262690188904886,0,100,193,0
22.163718093048523,0,70.0,126,1
21.282972298593776,0,70.0,304,1
-4.672828834461906,0,100,107,1
-4.672828834461906,0,100,107,1
