Fitness,Player_Life,Enemy_Life,Time,Generataion
13.163718093048523,0,80.0,126,0
21.956574883080755,0,70.0,155,1
