Fitness,Player_Life,Enemy_Life,Time,Generataion
2.6526107903439895,0,90.0,571,0
0.8122447210178851,77.20000000000022,100,1000,0
-3.62775527898211,32.80000000000027,100,1000,0
-6.338594078203183,0,100,566,0
2.699214205336756,0,90.0,545,1
2.6526107903439895,0,90.0,571,1
2.1922447210178717,91.00000000000009,100,1000,1
1.7722447210178753,86.80000000000013,100,1000,1
