Fitness,Player_Life,Enemy_Life,Time,Generataion
20.69555119757802,0,70.0,547,0
29.422138642278952,0,60.0,719,1
