Fitness,Player_Life,Enemy_Life,Time,Generataion
-5.043425116919247,0,100,155,0
-5.272999558563747,0,100,195,0
-5.717027701406222,0,100,304,0
-5.8377304471659395,0,100,343,0
-4.61512051684126,0,100,101,1
-4.61512051684126,0,100,101,1
-4.736198448394496,0,100,114,1
-4.836281906951478,0,100,126,1
