Fitness,Player_Life,Enemy_Life,Time,Generataion
3.721885340769483,0,90.0,196,0
-5.293304824724492,0,100,199,0
-5.293304824724492,0,100,199,0
-5.497168225293202,0,100,244,0
3.721885340769483,0,90.0,196,1
-5.214935757608986,0,100,184,1
-5.214935757608986,0,100,184,1
-5.214935757608986,0,100,184,1
