Fitness,Player_Life,Enemy_Life,Time,Generataion
30.213102618633293,0,60.0,326,0
-4.672828834461906,0,100,107,0
-5.043425116919247,0,100,155,0
-5.886104031450156,0,100,360,0
30.213102618633293,0,60.0,326,1
-4.61512051684126,0,100,101,1
-4.61512051684126,0,100,101,1
-4.61512051684126,0,100,101,1
