Fitness,Player_Life,Enemy_Life,Time,Generataion
-4.672828834461906,0,100,107,0
-4.844187086458591,0,100,127,0
-5.075173815233827,0,100,160,0
-5.25227342804663,0,100,191,0
3.950143992750463,0,90.0,156,1
-4.61512051684126,0,100,101,1
-4.61512051684126,0,100,101,1
-4.624972813284271,0,100,102,1
