Fitness,Player_Life,Enemy_Life,Time,Generataion
-6.0473721790462776,0,100,423,0
-6.0473721790462776,0,100,423,1
