Fitness,Player_Life,Enemy_Life,Time,Generataion
4.456705217729996,0,90.0,94,0
-4.61512051684126,0,100,101,0
-4.672828834461906,0,100,107,0
-5.247024072160486,0,100,190,0
22.002787726235887,0,70.0,148,1
13.456705217729997,0,80.0,94,1
12.790513847158579,0,80.0,183,1
4.456705217729996,0,90.0,94,1
