Fitness,Player_Life,Enemy_Life,Time,Generataion
3.3905282048150402,0,90.0,273,0
3.5883539481449604,0,90.0,224,1
