Fitness,Player_Life,Enemy_Life,Time,Generataion
57.56627799644576,0,30.0,229,0
30.139213776534135,0,60.0,351,0
-5.472270673671475,0,100,238,0
-5.966146739123692,0,100,390,0
57.601837298482245,0,30.0,221,1
57.56627799644576,0,30.0,229,1
30.527729326328526,0,60.0,238,1
30.139213776534135,0,60.0,351,1
