Fitness,Player_Life,Enemy_Life,Time,Generataion
91.58389959779561,70.00000000000028,0,225,0
86.79955642660934,25.00000000000025,0,299,0
0.8122447210178851,77.20000000000022,100,1000,0
-0.14775527898210594,67.6000000000003,100,1000,0
91.58389959779561,70.00000000000028,0,225,1
89.84901301948916,54.40000000000032,0,268,1
89.15606371931284,51.40000000000031,0,397,1
89.1252886203982,47.2000000000003,0,269,1
