Fitness,Player_Life,Enemy_Life,Time,Generataion
66.29621752534379,0,20.0,300,0
21.139213776534135,0,70.0,351,0
-2.70805020110221,0,100,15,0
-5.420534999272286,0,100,226,0
66.29621752534379,0,20.0,300,1
66.27968822339258,0,20.0,305,1
39.03129244001463,0,50.0,391,1
30.58835394814496,0,60.0,224,1
