Fitness,Player_Life,Enemy_Life,Time,Generataion
-5.214935757608986,0,100,184,0
-5.214935757608986,0,100,184,0
-5.288267030694535,0,100,198,0
-5.683579767338681,0,100,294,0
-5.214935757608986,0,100,184,1
-5.214935757608986,0,100,184,1
-5.214935757608986,0,100,184,1
-5.214935757608986,0,100,184,1
