Fitness,Player_Life,Enemy_Life,Time,Generataion
-5.8377304471659395,0,100,343,0
-5.262690188904886,0,100,193,1
