Fitness,Player_Life,Enemy_Life,Time,Generataion
-4.61512051684126,0,100,101,0
-4.672828834461906,0,100,107,0
-4.882801922586371,0,100,132,0
-5.262690188904886,0,100,193,0
-4.61512051684126,0,100,101,1
-4.672828834461906,0,100,107,1
-4.672828834461906,0,100,107,1
-4.672828834461906,0,100,107,1
