Fitness,Player_Life,Enemy_Life,Time,Generataion
-5.402677381872279,0,100,222,0
-5.68697535633982,0,100,295,0
-5.75890177387728,0,100,317,0
-5.805134968916488,0,100,332,0
-5.402677381872279,0,100,222,1
-5.407171771460119,0,100,223,1
-5.407171771460119,0,100,223,1
-5.407171771460119,0,100,223,1
