Fitness,Player_Life,Enemy_Life,Time,Generataion
-0.6277552789821028,62.80000000000034,100,1000,0
-6.2422232654551655,0,100,514,0
-6.302618975744905,0,100,546,0
-6.486160788944089,0,100,656,0
-0.6277552789821028,62.80000000000034,100,1000,1
-1.4677552789821044,54.40000000000032,100,1000,1
-1.647755278982105,52.600000000000314,100,1000,1
-1.9477552789821058,49.60000000000031,100,1000,1
