Fitness,Player_Life,Enemy_Life,Time,Generataion
11.805594608895328,0,80.0,490,0
-5.262690188904886,0,100,193,0
-5.293304824724492,0,100,199,0
-5.351858133476067,0,100,211,0
11.805594608895328,0,80.0,490,1
-5.214935757608986,0,100,184,1
-5.214935757608986,0,100,184,1
-5.214935757608986,0,100,184,1
