Fitness,Player_Life,Enemy_Life,Time,Generataion
-5.717027701406222,0,100,304,0
-5.147494476813453,0,100,172,1
