Fitness,Player_Life,Enemy_Life,Time,Generataion
67.04417294239875,0,20.0,142,0
20.451780897237626,0,70.0,698,0
-5.805134968916488,0,100,332,0
-5.814130531825066,0,100,335,0
89.79605369405454,48,0,149,1
67.04417294239875,0,20.0,142,1
22.229315375534334,0,70.0,118,1
21.963047397586372,0,70.0,154,1
