Fitness,Player_Life,Enemy_Life,Time,Generataion
4.38487948315874,0,90.0,101,0
3.282972298593778,0,90.0,304,0
-5.075173815233827,0,100,160,0
-5.19295685089021,0,100,180,0
21.956574883080755,0,70.0,155,1
4.38487948315874,0,90.0,101,1
4.38487948315874,0,90.0,101,1
4.38487948315874,0,90.0,101,1
