Fitness,Player_Life,Enemy_Life,Time,Generataion
11.969314739738737,0,80.0,416,0
-5.220355825078324,0,100,185,0
-5.220355825078324,0,100,185,0
-5.765191102784844,0,100,319,0
74.99118681455741,0,10.0,407,1
57.63870783429057,0,30.0,213,1
31.04417294239874,0,60.0,142,1
13.044172942398738,0,80.0,142,1
