Fitness,Player_Life,Enemy_Life,Time,Generataion
3.519361076658009,0,90.0,240,0
-5.187385805840755,0,100,179,0
-5.278114659230517,0,100,196,0
-5.783825182329737,0,100,325,0
83.75490903049437,4.0000000000002345,0,769,1
74.51842287072357,0,10.0,653,1
56.31289139213349,0,30.0,802,1
20.75002475774052,0,70.0,518,1
