Fitness,Player_Life,Enemy_Life,Time,Generataion
88.14250462797223,34,0,192,0
65.57675303646649,0,20.0,616,0
-5.220355825078324,0,100,185,0
-5.814130531825066,0,100,335,0
89.79605369405454,48,0,149,1
88.14250462797223,34,0,192,1
87.80278772623588,28,0,148,1
67.04417294239875,0,20.0,142,1
