Fitness,Player_Life,Enemy_Life,Time,Generataion
3.2254484544555915,0,90.0,322,0
-4.770684624465665,0,100,118,0
-4.844187086458591,0,100,127,0
-5.3981627015177525,0,100,221,0
3.2254484544555915,0,90.0,322,1
-4.624972813284271,0,100,102,1
-4.624972813284271,0,100,102,1
-4.624972813284271,0,100,102,1
