Fitness,Player_Life,Enemy_Life,Time,Generataion
-4.836281906951478,0,100,126,0
-4.61512051684126,0,100,101,1
