Fitness,Player_Life,Enemy_Life,Time,Generataion
91.05282822853992,64.60000000000034,0,223,0
3.7066951752755077,0,90.0,199,0
-5.214935757608986,0,100,184,0
-5.225746673713202,0,100,186,0
91.05282822853992,64.60000000000034,0,223,1
3.818216449707915,0,90.0,178,1
3.7066951752755077,0,90.0,199,1
3.7066951752755077,0,90.0,199,1
