Fitness,Player_Life,Enemy_Life,Time,Generataion
30.144928077797573,0,60.0,349,0
74.25124045250833,0,10.0,853,1
