Fitness,Player_Life,Enemy_Life,Time,Generataion
11.650861008620202,0,80.0,572,0
-1.647755278982105,52.600000000000314,100,1000,0
-3.207755278982109,37.00000000000028,100,1000,0
-6.35088571671474,0,100,573,0
33.45224472101789,43.60000000000029,60.0,1000,1
11.852244721017868,97.60000000000002,90.0,1000,1
11.650861008620202,0,80.0,572,1
11.56705990726082,0,80.0,622,1
