Fitness,Player_Life,Enemy_Life,Time,Generataion
1.4722447210178782,83.80000000000015,100,1000,0
-1.2877552789821038,56.20000000000032,100,1000,0
-1.2877552789821038,56.20000000000032,100,1000,0
-3.327755278982109,35.800000000000274,100,1000,0
14.792244721017891,37.00000000000028,80.0,1000,1
3.0322447210178645,99.4,100,1000,1
2.633529552268562,0,90.0,582,1
2.5980828032728143,0,90.0,603,1
