Fitness,Player_Life,Enemy_Life,Time,Generataion
91.57237888630937,72,0,278,0
91.85873645484158,74,0,255,1
