Fitness,Player_Life,Enemy_Life,Time,Generataion
-5.631211781821365,0,100,279,0
21.35455310235676,0,70.0,283,1
