Fitness,Player_Life,Enemy_Life,Time,Generataion
30.62010264645954,0,60.0,217,0
3.918595635015537,0,90.0,161,0
-5.402677381872279,0,100,222,0
-5.940171252720432,0,100,380,0
30.62010264645954,0,60.0,217,1
29.817915093283368,0,60.0,484,1
29.817915093283368,0,60.0,484,1
29.679231705749416,0,60.0,556,1
