Fitness,Player_Life,Enemy_Life,Time,Generataion
12.228558876869984,0,80.0,321,0
12.228558876869984,0,80.0,321,1
