Fitness,Player_Life,Enemy_Life,Time,Generataion
30.185869468174936,0,60.0,335,0
-5.771441123130016,0,100,321,0
-5.783825182329737,0,100,325,0
-5.805134968916488,0,100,332,0
39.22855887686998,0,50.0,321,1
39.216174817670264,0,50.0,325,1
30.185869468174936,0,60.0,335,1
30.185869468174936,0,60.0,335,1
