Fitness,Player_Life,Enemy_Life,Time,Generataion
12.691732302598794,0,80.0,202,0
-5.768320995793772,0,100,320,0
-5.786897381366708,0,100,326,0
-5.805134968916488,0,100,332,0
39.185869468174936,0,50.0,335,1
21.185869468174936,0,70.0,335,1
12.691732302598794,0,80.0,202,1
-4.955827057601261,0,100,142,1
