Fitness,Player_Life,Enemy_Life,Time,Generataion
21.130703086866227,0,70.0,354,0
3.7016826334519637,0,90.0,200,0
-4.624972813284271,0,100,102,0
-5.707110264748875,0,100,301,0
57.16226955283406,0,30.0,343,1
21.130703086866227,0,70.0,354,1
21.07307397402959,0,70.0,375,1
21.07307397402959,0,70.0,375,1
