Fitness,Player_Life,Enemy_Life,Time,Generataion
-5.214935757608986,0,100,184,0
-5.293304824724492,0,100,199,0
-5.442417710521793,0,100,231,0
-5.707110264748875,0,100,301,0
-5.214935757608986,0,100,184,1
-5.214935757608986,0,100,184,1
-5.214935757608986,0,100,184,1
-5.214935757608986,0,100,184,1
