Fitness,Player_Life,Enemy_Life,Time,Generataion
88.14772657195337,34,0,191,0
66.29621752534379,0,20.0,300,0
-5.805134968916488,0,100,332,0
-5.863631175598097,0,100,352,0
90.32482618476618,54,0,160,1
89.97065437104557,54,0,228,1
88.14772657195337,34,0,191,1
74.45034925776619,0,10.0,699,1
