Fitness,Player_Life,Enemy_Life,Time,Generataion
21.210039829102747,0,70.0,327,0
1.2922447210178802,82.00000000000017,100,1000,0
-1.527755278982105,53.80000000000032,100,1000,0
-6.304448802421981,0,100,547,0
65.86011544777375,0,20.0,464,1
21.210039829102747,0,70.0,327,1
11.697381024255094,0,80.0,546,1
10.712244721017875,86.20000000000013,90.0,1000,1
