Fitness,Player_Life,Enemy_Life,Time,Generataion
91.06791083107562,71.20000000000027,0,425,0
-1.647755278982105,52.600000000000314,100,1000,0
-4.287755278982111,26.20000000000025,100,1000,0
-6.282266746896006,0,100,535,0
91.06791083107562,71.20000000000027,0,425,1
90.5652886203982,61.600000000000335,0,269,1
90.0852886203982,56.800000000000324,0,269,1
-0.6877552789821024,62.20000000000034,100,1000,1
