Fitness,Player_Life,Enemy_Life,Time,Generataion
21.409013019489144,0,70.0,268,0
-5.407171771460119,0,100,223,0
-5.814130531825066,0,100,335,0
-5.855071922202427,0,100,349,0
48.511062273843315,0,40.0,242,1
21.409013019489144,0,70.0,268,1
13.163718093048523,0,80.0,126,1
12.506938556659453,0,80.0,243,1
