Fitness,Player_Life,Enemy_Life,Time,Generataion
-4.672828834461906,0,100,107,0
-4.882801922586371,0,100,132,0
-5.049856007249537,0,100,156,0
-5.267858159063328,0,100,194,0
-4.672828834461906,0,100,107,1
-4.844187086458591,0,100,127,1
-4.844187086458591,0,100,127,1
-4.882801922586371,0,100,132,1
