Fitness,Player_Life,Enemy_Life,Time,Generataion
57.03129244001463,0,30.0,391,0
-5.384495062789089,0,100,218,0
-5.720311776607412,0,100,305,0
-5.976350909297934,0,100,394,0
57.03129244001463,0,30.0,391,1
20.913225273087694,0,70.0,440,1
-2.70805020110221,0,100,15,1
-2.70805020110221,0,100,15,1
