Fitness,Player_Life,Enemy_Life,Time,Generataion
89.44417294239875,44,0,142,0
57.97611947915372,0,30.0,152,1
