Fitness,Player_Life,Enemy_Life,Time,Generataion
1.172244721017881,80.80000000000018,100,1000,0
-1.2277552789821042,56.800000000000324,100,1000,0
-6.267755278982113,6.400000000000233,100,1000,0
-6.278521424165844,0,100,533,0
2.672244721017867,95.80000000000004,100,1000,1
1.172244721017881,80.80000000000018,100,1000,1
1.0522447210178827,79.6000000000002,100,1000,1
0.33224472101789004,72.40000000000026,100,1000,1
