Fitness,Player_Life,Enemy_Life,Time,Generataion
6.166786655943784,0,90.0,17,0
-2.70805020110221,0,100,15,0
-2.70805020110221,0,100,15,0
-5.739792912179234,0,100,311,0
12.247427361174367,0,80.0,315,1
6.2919497988977895,0,90.0,15,1
6.166786655943784,0,90.0,17,1
3.5489615464343,0,90.0,233,1
