Fitness,Player_Life,Enemy_Life,Time,Generataion
89.44417294239875,44,0,142,0
-5.043425116919247,0,100,155,0
-5.783825182329737,0,100,325,0
-6.652863029353347,0,100,775,0
89.44417294239875,44,0,142,1
87.99605369405454,30,0,149,1
57.375982493812664,0,30.0,277,1
39.256996812190515,0,50.0,312,1
