Fitness,Player_Life,Enemy_Life,Time,Generataion
-5.247024072160486,0,100,190,0
-4.624972813284271,0,100,102,1
