Fitness,Player_Life,Enemy_Life,Time,Generataion
3.6721238312104187,0,90.0,206,0
3.918595635015537,0,90.0,161,1
