Fitness,Player_Life,Enemy_Life,Time,Generataion
-4.61512051684126,0,100,101,0
-4.882801922586371,0,100,132,0
-5.075173815233827,0,100,160,0
-5.8377304471659395,0,100,343,0
-4.543294782270004,0,100,94,1
-4.61512051684126,0,100,101,1
-4.672828834461906,0,100,107,1
-4.672828834461906,0,100,107,1
