Fitness,Player_Life,Enemy_Life,Time,Generataion
-4.672828834461906,0,100,107,0
-4.672828834461906,0,100,107,1
