Fitness,Player_Life,Enemy_Life,Time,Generataion
21.24109822612272,0,70.0,317,0
-5.293304824724492,0,100,199,0
-5.393627546352362,0,100,220,0
-5.707110264748875,0,100,301,0
21.24109822612272,0,70.0,317,1
3.721885340769483,0,90.0,196,1
3.2161748176702627,0,90.0,325,1
-5.293304824724492,0,100,199,1
