Fitness,Player_Life,Enemy_Life,Time,Generataion
3.113895968549844,0,90.0,360,0
-4.882801922586371,0,100,132,0
-5.231108616854587,0,100,187,0
-5.272999558563747,0,100,195,0
21.07307397402959,0,70.0,375,1
3.130703086866226,0,90.0,354,1
3.113895968549844,0,90.0,360,1
-4.672828834461906,0,100,107,1
