Fitness,Player_Life,Enemy_Life,Time,Generataion
-4.624972813284271,0,100,102,0
-4.624972813284271,0,100,102,1
