Fitness,Player_Life,Enemy_Life,Time,Generataion
-5.003946305945459,0,100,149,0
4.456705217729996,0,90.0,94,1
