Fitness,Player_Life,Enemy_Life,Time,Generataion
-5.0238805208462765,0,100,152,0
-4.919980925828125,0,100,137,1
