Fitness,Player_Life,Enemy_Life,Time,Generataion
31.709540558851607,0,60.0,73,0
3.56627799644576,0,90.0,229,0
-5.755742213586912,0,100,316,0
-5.786897381366708,0,100,326,0
66.2731522524128,0,20.0,307,1
31.75150475795064,0,60.0,70,1
31.709540558851607,0,60.0,73,1
22.68251188646369,0,70.0,75,1
