Fitness,Player_Life,Enemy_Life,Time,Generataion
-5.14166355650266,0,100,171,0
-5.14166355650266,0,100,171,1
