Fitness,Player_Life,Enemy_Life,Time,Generataion
65.99118681455741,0,20.0,407,0
57.19486503108351,0,30.0,332,0
-5.793013608384144,0,100,328,0
-6.289715570908998,0,100,539,0
65.99118681455741,0,20.0,407,1
57.19486503108351,0,30.0,332,1
57.19486503108351,0,30.0,332,1
40.3271711655381,0,50.0,107,1
