Fitness,Player_Life,Enemy_Life,Time,Generataion
30.24109822612272,0,60.0,317,0
-5.438079308923196,0,100,230,0
-5.730099782973574,0,100,308,0
-5.739792912179234,0,100,311,0
66.03129244001464,0,20.0,391,1
66.03129244001464,0,20.0,391,1
30.24109822612272,0,60.0,317,1
30.00106343805332,0,60.0,403,1
