Fitness,Player_Life,Enemy_Life,Time,Generataion
67.030186700424,0,20.0,144,0
-5.805134968916488,0,100,332,0
-5.8971538676367405,0,100,364,0
-6.289715570908998,0,100,539,0
67.030186700424,0,20.0,144,1
66.77964417492167,0,20.0,185,1
3.6293619718723376,0,90.0,215,1
-5.288267030694535,0,100,198,1
