Fitness,Player_Life,Enemy_Life,Time,Generataion
-5.37989735354046,0,100,217,0
3.681880006155784,0,90.0,204,1
