Fitness,Player_Life,Enemy_Life,Time,Generataion
21.737309811095116,0,70.0,193,0
11.971721479769302,0,80.0,415,0
-5.147494476813453,0,100,172,0
-5.7745515455444085,0,100,322,0
57.16226955283406,0,30.0,343,1
21.737309811095116,0,70.0,193,1
21.282972298593776,0,70.0,304,1
21.282972298593776,0,70.0,304,1
