Fitness,Player_Life,Enemy_Life,Time,Generataion
-2.3077552789821363,46,100,1000,0
-2.3077552789821363,46,100,1000,1
