Fitness,Player_Life,Enemy_Life,Time,Generataion
21.61550493721091,0,70.0,218,0
21.67699002086159,0,70.0,205,1
