Fitness,Player_Life,Enemy_Life,Time,Generataion
0.21224472101789083,71.20000000000027,100,1000,0
-2.427755278982107,44.800000000000296,100,1000,0
-6.335054251498059,0,100,564,0
-6.459904454377535,0,100,639,0
93.45679627126202,87.40000000000012,0,197,1
92.77124010962186,77.20000000000022,0,141,1
87.10510580438043,30.40000000000026,0,378,1
83.99038926750856,1.6000000000002341,0,478,1
