Fitness,Player_Life,Enemy_Life,Time,Generataion
4.456705217729996,0,90.0,94,0
21.79051384715858,0,70.0,183,1
