Fitness,Player_Life,Enemy_Life,Time,Generataion
30.606372453647637,0,60.0,220,0
-2.70805020110221,0,100,15,0
-5.472270673671475,0,100,238,0
-5.8289456176102075,0,100,340,0
66.24742736117437,0,20.0,315,1
57.24742736117437,0,30.0,315,1
30.606372453647637,0,60.0,220,1
22.69593490679583,0,70.0,74,1
