Fitness,Player_Life,Enemy_Life,Time,Generataion
-2.70805020110221,0,100,15,0
-2.70805020110221,0,100,15,0
-2.70805020110221,0,100,15,0
-5.755742213586912,0,100,316,0
6.2919497988977895,0,90.0,15,1
6.2919497988977895,0,90.0,15,1
-2.70805020110221,0,100,15,1
-2.70805020110221,0,100,15,1
