Fitness,Player_Life,Enemy_Life,Time,Generataion
-5.7745515455444085,0,100,322,0
-5.783825182329737,0,100,325,0
-5.805134968916488,0,100,332,0
-5.8944028342648505,0,100,363,0
-5.75890177387728,0,100,317,1
-5.771441123130016,0,100,321,1
-5.771441123130016,0,100,321,1
-5.771441123130016,0,100,321,1
