Fitness,Player_Life,Enemy_Life,Time,Generataion
1.8322447210178758,87.40000000000012,100,1000,0
-2.727755278982108,41.80000000000029,100,1000,0
-6.331501849893691,0,100,562,0
-6.6293632534374485,0,100,757,0
91.3249280777976,71.80000000000027,0,349,1
2.252244721017872,91.60000000000008,100,1000,1
1.8322447210178758,87.40000000000012,100,1000,1
1.3522447210178807,82.60000000000016,100,1000,1
