Fitness,Player_Life,Enemy_Life,Time,Generataion
-5.771441123130016,0,100,321,0
-5.783825182329737,0,100,325,1
