Fitness,Player_Life,Enemy_Life,Time,Generataion
4.132465549544418,0,90.0,130,0
21.976119479153724,0,70.0,152,1
