Fitness,Player_Life,Enemy_Life,Time,Generataion
30.17105438238979,0,60.0,340,0
-4.890349128221754,0,100,133,0
-5.075173815233827,0,100,160,0
-5.075173815233827,0,100,160,0
30.17105438238979,0,60.0,340,1
30.17105438238979,0,60.0,340,1
12.302906513494595,0,80.0,298,1
-4.890349128221754,0,100,133,1
