Fitness,Player_Life,Enemy_Life,Time,Generataion
-5.934894195619588,0,100,378,0
-5.869296913133774,0,100,354,1
